<?xml version="1.0" encoding="UTF-8" standalone="yes"?>
<service xmlns:ns2="http://www.ibm.com/ims/Transaction">
    <shallow>true</shallow>
    <serviceName>CodePageExample</serviceName>
    <serviceType>ims-rest</serviceType>
    <resourceType>TRAN</resourceType>
    <status>1</status>
    <conversionType>3</conversionType>
    <dataProtocol>0</dataProtocol>
    <serviceInputInterface>
        <metadataName>input.si</metadataName>
        <serviceInterface>
            <interface>
                <segment segmentName="COMMAREA">
                    <interfaceField included="Y" fieldName="CODEPAGE01">
                        <field included="Y" fieldName="QUERY_CUST_NAME"/>
                        <field included="N" fieldName="NAME_HEX_VAL"/>
                    </interfaceField>
                </segment>
            </interface>
        </serviceInterface>
        <version>0</version>
    </serviceInputInterface>
    <serviceOutputInterface>
        <metadataName>output.si</metadataName>
        <serviceInterface>
            <interface>
                <segment segmentName="COMMAREA">
                    <interfaceField included="Y" fieldName="CODEPAGE01">
                        <field included="Y" fieldName="QUERY_CUST_NAME"/>
                        <field included="N" fieldName="NAME_HEX_VAL"/>
                    </interfaceField>
                </segment>
            </interface>
        </serviceInterface>
        <version>0</version>
    </serviceOutputInterface>
    <applicationDataStructureType>Block</applicationDataStructureType>
    <messageVisitorRuntimeType>CICS_COMMAREA</messageVisitorRuntimeType>
    <ccsid>Cp99999</ccsid>
    <totalExecCount>0</totalExecCount>
    <failedCount>0</failedCount>
    <trancodeOverride>UCDZCEE</trancodeOverride>
    <trimOutputLeadingWhitespace>false</trimOutputLeadingWhitespace>
    <trimOutputTrailingWhitespace>true</trimOutputTrailingWhitespace>
    <escapeOutputControlCharacters>false</escapeOutputControlCharacters>
    <initializeInputFields>false</initializeInputFields>
    <omitOutputFieldsByValue>false</omitOutputFieldsByValue>
    <omitOutputFieldsByValueByte>0x00</omitOutputFieldsByValueByte>
    <omitOutputEmptyTags>false</omitOutputEmptyTags>
    <enforceMinArrayOccurrence>false</enforceMinArrayOccurrence>
    <enforceMinArrayOccurrenceResponse>false</enforceMinArrayOccurrenceResponse>
</service>
