{
  "swagger" : "2.0",
  "info" : {
    "description" : "",
    "version" : "1.0.0",
    "title" : "codepageapiexample"
  },
  "host" : "localhost:8080",
  "basePath" : "/codepageapiexample",
  "schemes" : [ "https", "http" ],
  "consumes" : [ "application/json" ],
  "produces" : [ "application/json" ],
  "paths" : {
    "/service" : {
      "post" : {
        "tags" : [ "codepageapiexample" ],
        "operationId" : "postCodePageExample",
        "parameters" : [ {
          "name" : "Authorization",
          "in" : "header",
          "required" : false,
          "type" : "string"
        }, {
          "in" : "body",
          "name" : "postCodePageExample_request",
          "description" : "request body",
          "required" : true,
          "schema" : {
            "$ref" : "#/definitions/postCodePageExample_request"
          }
        } ],
        "responses" : {
          "200" : {
            "description" : "OK",
            "schema" : {
              "$ref" : "#/definitions/postCodePageExample_response_200"
            }
          }
        }
      }
    }
  },
  "definitions" : {
    "postCodePageExample_request" : {
      "type" : "object",
      "properties" : {
        "CODEPAGE01" : {
          "type" : "object",
          "properties" : {
            "QUERY_CUST_NAME" : {
              "type" : "string",
              "maxLength" : 6
            }
          }
        }
      }
    },
    "postCodePageExample_response_200" : {
      "type" : "object",
      "properties" : {
        "CODEPAGE01" : {
          "type" : "object",
          "properties" : {
            "QUERY_CUST_NAME" : {
              "type" : "string",
              "maxLength" : 6
            }
          }
        }
      }
    }
  }
}